{
    "timestamp": "2026-05-02 19:20:00",
    "autor": "Andr\u00e9s Antonio Santisteban Lino",
    "protocolo": "Predicci\u00f3n Ciega Tripartita",
    "escenarios": {
        "LAVA": {
            "ALTO": {
                "inercia_aplicada": 308.0,
                "escala_aplicada": 0.92,
                "curva_teorica": [
                    1500.0,
                    1808.0,
                    2116.0,
                    2424.0,
                    2732.0,
                    3040.0,
                    1876.8363071160063,
                    1701.7560750319535,
                    1542.5805523051065,
                    1236.4077970356173,
                    1063.4235751775564,
                    989.9179971434679,
                    1017.7560995708717,
                    1046.031931103709,
                    1036.7950059176844,
                    1311.9159855184243,
                    1443.9822722009062,
                    1834.0229764907808,
                    1578.97696731919,
                    1954.8382098316793,
                    1945.716219587189,
                    2359.5871231345595,
                    1399.2233512166442,
                    1634.6538509055413
                ]
            },
            "MEDIO": {
                "inercia_aplicada": 280.0,
                "escala_aplicada": 0.89,
                "curva_teorica": [
                    1500,
                    1780,
                    2060,
                    2340,
                    2620,
                    2900,
                    1730.0084426914602,
                    1516.6516972273234,
                    1331.1139516227377,
                    1034.7485318048105,
                    865.3111626818098,
                    785.4007836366939,
                    789.3770502826679,
                    794.3529254827952,
                    771.9587201812558,
                    959.3867943777965,
                    1035.3010557510054,
                    1289.3279107257672,
                    1086.5164346315014,
                    1320.7192724783474,
                    1288.3445612212536,
                    1532.8977542974894,
                    890.4573015159559,
                    1028.8545270671225
                ]
            },
            "BAJO": {
                "inercia_aplicada": 252.0,
                "escala_aplicada": 0.86,
                "curva_teorica": [
                    1500.0,
                    1752.0,
                    2004.0,
                    2256.0,
                    2508.0,
                    2760.0,
                    1588.9531634689492,
                    1344.9851455848311,
                    1141.4060030370745,
                    859.4937388569929,
                    698.2014476906876,
                    617.6511620930397,
                    606.942972176194,
                    598.3785650113477,
                    570.7705165389185,
                    697.8200011699925,
                    739.398270112333,
                    904.4430536609892,
                    747.2155837791053,
                    894.0622198711433,
                    856.7244722356479,
                    1002.9272393151698,
                    572.1939796788712,
                    657.492386498475
                ]
            }
        },
        "LOBO": {
            "ALTO": {
                "inercia_aplicada": 352.0,
                "escala_aplicada": 0.91,
                "curva_teorica": [
                    1500.0,
                    1852.0,
                    2204.0,
                    2556.0,
                    2908.0,
                    3260.0,
                    1994.0158597886045,
                    1793.6872969901756,
                    1614.1075669130566,
                    1285.2859181976812,
                    1099.8190190830494,
                    1019.8513454724308,
                    1045.3163113743144,
                    1071.1055577908874,
                    1058.4670550940878,
                    1335.7214553530976,
                    1464.0788938065239,
                    1851.177138002142,
                    1584.8236141934688,
                    1953.2608382697974,
                    1933.4922901728023,
                    2332.5271889182745,
                    1374.8921421587197,
                    1602.2843957052135
                ]
            },
            "MEDIO": {
                "inercia_aplicada": 320.0,
                "escala_aplicada": 0.88,
                "curva_teorica": [
                    1500,
                    1820,
                    2140,
                    2460,
                    2780,
                    3100,
                    1831.5195498156781,
                    1592.5120343581264,
                    1387.3803899072136,
                    1071.5112561426167,
                    891.8046372199736,
                    806.8760881129307,
                    809.2271837710676,
                    812.7091397078259,
                    788.3255779496744,
                    978.3138379602814,
                    1052.434810913882,
                    1306.1368304745022,
                    1095.4960960593933,
                    1327.310601629382,
                    1289.0660783535116,
                    1527.6375158585874,
                    883.0556564445014,
                    1020.0464818378344
                ]
            },
            "BAJO": {
                "inercia_aplicada": 288.0,
                "escala_aplicada": 0.85,
                "curva_teorica": [
                    1500.0,
                    1788.0,
                    2076.0,
                    2364.0,
                    2652.0,
                    2940.0,
                    1675.620480073649,
                    1406.330377634833,
                    1184.4972450537625,
                    886.2409657268429,
                    716.8239804363304,
                    632.6219209413998,
                    621.0118984655082,
                    611.7857513281372,
                    583.2462256382557,
                    713.0769266761105,
                    754.1004450327439,
                    920.3321096983791,
                    757.5268471374652,
                    904.7280846879793,
                    864.1619698443835,
                    1008.981384003796,
                    573.5277194609363,
                    660.4192526824351
                ]
            }
        },
        "SAT\u00c9LITE": {
            "ALTO": {
                "inercia_aplicada": 319.0,
                "escala_aplicada": 0.92,
                "curva_teorica": [
                    1500.0,
                    1819.0,
                    2138.0,
                    2457.0,
                    2776.0,
                    3095.0,
                    1911.6092608330255,
                    1734.4378888607355,
                    1573.3078834509422,
                    1261.9648051101728,
                    1086.342838941001,
                    1012.1996008615429,
                    1041.6342864927537,
                    1071.474980746095,
                    1062.823128770868,
                    1345.8131382293916,
                    1482.08237284992,
                    1883.2806335664552,
                    1621.9481370314036,
                    2008.8108744976162,
                    2000.0346235450818,
                    2426.1599175843744,
                    1439.0323413589663,
                    1681.7803355729607
                ]
            },
            "MEDIO": {
                "inercia_aplicada": 290.0,
                "escala_aplicada": 0.89,