{
    "topografia_media": [
        1328.21209728786,
        1582.9104452513618,
        2076.1677065295194,
        3846.576117689338,
        2327.615391507557,
        3518.4188828202723,
        2302.7633550252085,
        2180.0708946899913,
        2055.011447317006,
        1705.2403501194767,
        1500.7365773278477,
        1415.9557271464212,
        1468.1638305237352,
        1524.8048419990296,
        1530.1261157369386,
        1959.0258135902936,
        2213.7991524649583,
        2901.556354865633,
        2605.871939114159,
        3343.6573812628194,
        3480.361201900918,
        4413.036830923458,
        2754.576414228224,
        3315.4366095068103
    ],
    "topografia_norm": [
        0.5558332565751862,
        0.6624200076535355,
        0.8688394420386267,
        1.609724030164609,
        0.9740658481864272,
        1.4723960349608056,
        0.9636657107394668,
        0.9123210874488046,
        0.8599859219727787,
        0.7136129078975698,
        0.6280316982061422,
        0.5925524128210896,
        0.6144005801274119,
        0.6381038410209935,
        0.640330699906641,
        0.8198176329715766,
        0.9264357664190898,
        1.214249983985696,
        1.090511288892292,
        1.3992614394146576,
        1.4564695690249065,
        1.846777813669327,
        1.152741480018191,
        1.387451545874132
    ]
}